t_s,x_m,y_m,dur_s,status,error_code,ok,board_enabled,board_alerts
5.808,0.005744,0.025979,1.774,4,0,1,,
7.310,0.010742,0.025461,1.500,4,0,1,,
8.811,0.011948,0.009234,1.500,4,0,1,,
10.312,0.013310,0.001296,1.500,4,0,1,,
11.814,0.026168,0.007674,1.500,4,0,1,,
13.315,0.014670,0.015608,1.500,4,0,1,,
14.866,0.027983,0.003659,1.500,4,0,1,,
16.367,0.017675,0.008701,1.500,4,0,1,,
17.868,0.024292,0.026975,1.500,4,0,1,,
19.369,0.022087,0.024425,1.500,4,0,1,,
21.121,0.006574,0.003792,1.719,4,0,1,,
22.672,0.005973,0.002303,1.500,4,0,1,,
24.323,0.009273,0.026877,1.654,4,0,1,,
25.874,0.019543,0.013620,1.500,4,0,1,,
27.425,0.019839,0.012552,1.500,4,0,1,,
28.976,0.013276,0.011744,1.500,4,0,1,,
30.477,0.019675,0.009814,1.500,4,0,1,,
32.028,0.019599,0.001457,1.500,4,0,1,,
33.529,0.027491,0.001312,1.500,4,0,1,,
35.330,0.010808,0.022416,1.796,4,0,1,,
36.882,0.020431,0.010350,1.500,4,0,1,,
38.433,0.021416,0.021589,1.500,4,0,1,,
39.934,0.011895,0.018470,1.500,4,0,1,,
41.485,0.002665,0.025262,1.500,4,0,1,,
42.986,0.003016,0.016891,1.500,4,0,1,,
44.637,0.026774,0.011697,1.620,4,0,1,,
46.238,0.003202,0.012638,1.582,4,0,1,,
47.739,0.006624,0.017488,1.500,4,0,1,,
49.240,0.010072,0.002947,1.500,4,0,1,,
50.791,0.008759,0.019032,1.500,4,0,1,,
52.342,0.027973,0.015473,1.500,4,0,1,,
53.943,0.008330,0.027756,1.550,4,0,1,,
55.445,0.022370,0.016898,1.500,4,0,1,,
56.995,0.006871,0.020338,1.500,4,0,1,,
58.496,0.009103,0.002210,1.500,4,0,1,,
59.997,0.016615,0.001602,1.500,4,0,1,,
61.548,0.004397,0.020950,1.528,4,0,1,,
63.049,0.022173,0.014815,1.500,4,0,1,,
64.600,0.015997,0.025867,1.500,4,0,1,,
66.301,0.006890,0.002967,1.645,4,0,1,,
67.853,0.018452,0.022702,1.533,4,0,1,,
69.354,0.012248,0.021002,1.500,4,0,1,,
70.905,0.013891,0.015960,1.500,4,0,1,,
72.406,0.009103,0.013515,1.500,4,0,1,,
73.907,0.003080,0.013448,1.500,4,0,1,,
75.458,0.010379,0.020100,1.500,4,0,1,,
77.009,0.020813,0.010994,1.500,4,0,1,,
78.510,0.026646,0.004150,1.500,4,0,1,,
80.011,0.009387,0.007112,1.500,4,0,1,,
81.512,0.006433,0.014818,1.500,4,0,1,,
83.064,0.005839,0.018160,1.500,4,0,1,,
84.615,0.005645,0.016004,1.500,4,0,1,,
86.166,0.023335,0.019579,1.500,4,0,1,,
87.717,0.015693,0.019047,1.500,4,0,1,,
89.268,0.025554,0.006726,1.500,4,0,1,,
90.819,0.011461,0.017060,1.500,4,0,1,,
92.369,0.003451,0.018881,1.500,4,0,1,,
93.870,0.009422,0.007756,1.500,4,0,1,,
95.421,0.002043,0.008923,1.500,4,0,1,,
97.322,0.027228,0.021155,1.867,4,0,1,,
98.874,0.004850,0.016018,1.539,4,0,1,,
100.425,0.012641,0.026773,1.500,4,0,1,,
101.976,0.017305,0.016837,1.500,4,0,1,,
103.477,0.007045,0.003507,1.500,4,0,1,,
104.978,0.026259,0.010602,1.500,4,0,1,,
106.529,0.015089,0.001402,1.500,4,0,1,,
108.030,0.011328,0.020445,1.500,4,0,1,,
109.531,0.010870,0.022274,1.500,4,0,1,,
111.032,0.015513,0.024943,1.500,4,0,1,,
112.583,0.026574,0.026793,1.500,4,0,1,,
114.085,0.018554,0.023857,1.500,4,0,1,,
115.635,0.010643,0.010796,1.500,4,0,1,,
117.136,0.021160,0.002433,1.500,4,0,1,,
118.687,0.018718,0.023000,1.500,4,0,1,,
120.188,0.015872,0.010993,1.500,4,0,1,,
121.689,0.013882,0.016129,1.500,4,0,1,,
123.190,0.009030,0.016054,1.500,4,0,1,,
124.691,0.010503,0.013244,1.500,4,0,1,,
126.192,0.004044,0.011197,1.500,4,0,1,,
127.743,0.011280,0.017064,1.500,4,0,1,,
129.245,0.021363,0.003508,1.500,4,0,1,,
130.796,0.011920,0.010843,1.500,4,0,1,,
132.347,0.019938,0.026918,1.500,4,0,1,,
133.848,0.013423,0.027850,1.500,4,0,1,,
135.399,0.008920,0.015812,1.500,4,0,1,,
136.949,0.009685,0.025262,1.500,4,0,1,,
138.500,0.026463,0.020062,1.500,4,0,1,,
140.001,0.012810,0.004872,1.500,4,0,1,,
141.502,0.011053,0.024676,1.500,4,0,1,,
143.053,0.025604,0.022224,1.500,4,0,1,,
144.605,0.018435,0.011849,1.500,4,0,1,,
146.156,0.016585,0.015726,1.500,4,0,1,,
147.707,0.017438,0.021318,1.500,4,0,1,,
149.208,0.011169,0.002332,1.500,4,0,1,,
150.709,0.025649,0.013524,1.500,4,0,1,,
152.210,0.012927,0.012509,1.500,4,0,1,,
153.712,0.016896,0.006678,1.500,4,0,1,,
155.212,0.009996,0.007902,1.500,4,0,1,,
156.763,0.020986,0.005481,1.500,4,0,1,,
158.314,0.004662,0.004021,1.500,4,0,1,,
160.016,0.026067,0.016319,1.649,4,0,1,,
161.517,0.013691,0.006510,1.500,4,0,1,,
163.068,0.015695,0.025118,1.500,4,0,1,,
164.569,0.014209,0.004910,1.500,4,0,1,,
166.120,0.014848,0.011588,1.500,4,0,1,,
167.621,0.008815,0.024827,1.500,4,0,1,,
169.171,0.021826,0.021914,1.500,4,0,1,,
170.722,0.011702,0.014876,1.500,4,0,1,,
172.274,0.017978,0.011237,1.500,4,0,1,,
173.775,0.021479,0.021403,1.500,4,0,1,,
175.276,0.025235,0.027632,1.500,4,0,1,,
176.927,0.002080,0.020852,1.612,4,0,1,,
178.478,0.002815,0.020629,1.500,4,0,1,,
179.979,0.010890,0.007208,1.500,4,0,1,,
181.530,0.025271,0.009315,1.500,4,0,1,,
183.181,0.002296,0.018418,1.652,4,0,1,,
184.932,0.023560,0.004649,1.701,4,0,1,,
186.483,0.024508,0.003870,1.500,4,0,1,,
188.034,0.024029,0.011249,1.500,4,0,1,,
189.585,0.019905,0.015411,1.500,4,0,1,,
191.136,0.012500,0.016590,1.500,4,0,1,,
192.688,0.010662,0.023287,1.500,4,0,1,,
194.239,0.020583,0.004394,1.500,4,0,1,,
195.890,0.002291,0.020161,1.617,4,0,1,,
197.390,0.012156,0.002749,1.500,4,0,1,,
198.891,0.020597,0.016278,1.500,4,0,1,,
200.393,0.011148,0.020886,1.500,4,0,1,,
201.944,0.006153,0.025411,1.500,4,0,1,,
203.595,0.018073,0.004484,1.609,4,0,1,,
205.096,0.018015,0.021137,1.500,4,0,1,,
206.648,0.026550,0.009557,1.500,4,0,1,,
208.249,0.002955,0.009516,1.577,4,0,1,,
209.799,0.002270,0.017822,1.500,4,0,1,,
211.301,0.012890,0.005242,1.500,4,0,1,,
212.852,0.027025,0.023156,1.523,4,0,1,,
214.853,0.003143,0.005570,1.990,4,0,1,,
216.354,0.021279,0.013042,1.500,4,0,1,,
217.905,0.014593,0.008914,1.500,4,0,1,,
219.456,0.002574,0.012128,1.500,4,0,1,,
221.007,0.005505,0.003382,1.500,4,0,1,,
222.508,0.023984,0.012428,1.500,4,0,1,,
224.059,0.019530,0.014248,1.500,4,0,1,,
225.560,0.005098,0.023281,1.500,4,0,1,,
227.110,0.023825,0.016585,1.500,4,0,1,,
228.611,0.021621,0.018715,1.500,4,0,1,,
230.162,0.016436,0.022794,1.500,4,0,1,,
231.714,0.018735,0.021161,1.500,4,0,1,,
233.215,0.010027,0.005889,1.500,4,0,1,,
234.766,0.027583,0.007097,1.500,4,0,1,,
236.867,0.004245,0.027277,2.062,4,0,1,,
238.418,0.001465,0.018212,1.500,4,0,1,,
240.219,0.021659,0.001084,1.765,4,0,1,,
241.970,0.004813,0.020088,1.703,4,0,1,,
243.471,0.010516,0.010719,1.500,4,0,1,,
245.022,0.010037,0.020602,1.500,4,0,1,,
246.523,0.018529,0.022864,1.500,4,0,1,,
248.024,0.016974,0.022439,1.500,4,0,1,,
249.525,0.008929,0.014791,1.500,4,0,1,,
251.076,0.007825,0.005547,1.500,4,0,1,,
252.627,0.004140,0.012704,1.500,4,0,1,,
254.128,0.018369,0.015509,1.500,4,0,1,,
255.629,0.003849,0.023075,1.500,4,0,1,,
257.180,0.019134,0.008915,1.500,4,0,1,,
258.681,0.026338,0.024215,1.500,4,0,1,,
260.582,0.009821,0.001455,1.884,4,0,1,,
262.133,0.012676,0.001193,1.500,4,0,1,,
263.884,0.011350,0.026964,1.721,4,0,1,,
265.385,0.007108,0.015974,1.500,4,0,1,,
266.886,0.025581,0.007357,1.500,4,0,1,,
268.387,0.014036,0.018977,1.500,4,0,1,,
269.889,0.025688,0.019944,1.500,4,0,1,,
271.389,0.020488,0.025716,1.500,4,0,1,,
272.891,0.008800,0.024313,1.500,4,0,1,,
274.442,0.024569,0.020892,1.500,4,0,1,,
275.993,0.015753,0.017021,1.500,4,0,1,,
277.543,0.027787,0.011069,1.500,4,0,1,,
279.094,0.009839,0.005973,1.500,4,0,1,,
280.645,0.022250,0.020130,1.500,4,0,1,,
282.196,0.012168,0.001761,1.500,4,0,1,,
283.747,0.023294,0.012585,1.500,4,0,1,,
285.299,0.021915,0.021301,1.500,4,0,1,,
286.950,0.008585,0.001276,1.605,4,0,1,,
288.501,0.015649,0.022434,1.500,4,0,1,,
290.052,0.018889,0.021091,1.500,4,0,1,,
291.603,0.023948,0.010971,1.500,4,0,1,,
293.105,0.018774,0.013135,1.500,4,0,1,,
294.605,0.005102,0.023662,1.500,4,0,1,,
296.156,0.024481,0.013368,1.500,4,0,1,,
297.707,0.003658,0.016525,1.500,4,0,1,,
299.258,0.014331,0.022591,1.500,4,0,1,,
300.760,0.001870,0.016380,1.500,4,0,1,,
302.261,0.020929,0.014412,1.500,4,0,1,,
303.762,0.014206,0.001349,1.500,4,0,1,,
305.263,0.018207,0.018179,1.500,4,0,1,,
306.814,0.015558,0.014240,1.500,4,0,1,,
308.365,0.027488,0.022605,1.500,4,0,1,,
309.916,0.026378,0.023857,1.500,4,0,1,,
311.767,0.007063,0.004943,1.802,4,0,1,,
313.268,0.016468,0.016714,1.500,4,0,1,,
314.769,0.027932,0.002727,1.500,4,0,1,,
316.720,0.006720,0.021684,1.907,4,0,1,,
318.271,0.008631,0.010963,1.500,4,0,1,,
319.822,0.019995,0.024916,1.500,4,0,1,,
321.373,0.013903,0.006477,1.500,4,0,1,,
322.924,0.007857,0.001857,1.500,4,0,1,,
324.474,0.021306,0.018503,1.500,4,0,1,,
326.025,0.003964,0.009083,1.500,4,0,1,,
327.526,0.014682,0.017171,1.500,4,0,1,,
329.027,0.013545,0.016446,1.500,4,0,1,,
330.578,0.014234,0.020389,1.500,4,0,1,,
332.080,0.027543,0.019118,1.500,4,0,1,,
333.581,0.014356,0.020291,1.500,4,0,1,,
335.082,0.001550,0.004541,1.500,4,0,1,,
336.583,0.004374,0.005055,1.500,4,0,1,,
338.084,0.024897,0.010661,1.500,4,0,1,,
339.585,0.020815,0.001725,1.500,4,0,1,,
341.136,0.021844,0.010853,1.500,4,0,1,,
342.687,0.007419,0.003680,1.500,4,0,1,,
344.238,0.022423,0.014521,1.500,4,0,1,,
345.789,0.006100,0.027503,1.500,4,0,1,,
347.291,0.011529,0.026396,1.500,4,0,1,,
348.842,0.010090,0.027445,1.500,4,0,1,,
350.993,0.027350,0.001092,2.101,4,0,1,,
352.594,0.027786,0.024831,1.589,4,0,1,,
354.295,0.007284,0.009890,1.699,4,0,1,,
355.846,0.025713,0.005384,1.500,4,0,1,,
357.397,0.012405,0.004787,1.500,4,0,1,,
358.948,0.011170,0.011894,1.500,4,0,1,,
360.499,0.014052,0.017984,1.500,4,0,1,,
362.050,0.015075,0.016100,1.500,4,0,1,,
363.602,0.008904,0.010015,1.500,4,0,1,,
365.153,0.008224,0.011422,1.500,4,0,1,,
366.654,0.021358,0.015557,1.500,4,0,1,,
368.205,0.016199,0.027962,1.500,4,0,1,,
369.706,0.014019,0.012060,1.500,4,0,1,,
371.257,0.002488,0.014056,1.500,4,0,1,,
372.858,0.025469,0.009932,1.560,4,0,1,,
374.359,0.010382,0.003694,1.500,4,0,1,,
375.910,0.003515,0.016410,1.500,4,0,1,,
377.461,0.009285,0.001921,1.500,4,0,1,,
379.413,0.027429,0.024612,1.939,4,0,1,,
380.964,0.009833,0.015814,1.500,4,0,1,,
382.515,0.012106,0.027902,1.500,4,0,1,,
384.066,0.015686,0.020828,1.500,4,0,1,,
385.617,0.022960,0.008189,1.500,4,0,1,,
387.167,0.007214,0.018888,1.500,4,0,1,,
388.718,0.019284,0.005093,1.500,4,0,1,,
390.219,0.012151,0.023803,1.500,4,0,1,,
391.720,0.006411,0.004739,1.500,4,0,1,,
393.271,0.020040,0.015437,1.500,4,0,1,,
394.823,0.008528,0.010925,1.500,4,0,1,,
396.424,0.027403,0.024919,1.569,4,0,1,,
398.775,0.001172,0.002179,2.325,4,0,1,,
400.676,0.022158,0.020062,1.845,4,0,1,,
402.177,0.007858,0.017627,1.500,4,0,1,,
403.678,0.020004,0.008016,1.500,4,0,1,,
405.229,0.009175,0.025887,1.500,4,0,1,,
406.780,0.016382,0.011684,1.500,4,0,1,,
408.331,0.001550,0.023499,1.500,4,0,1,,
409.832,0.007771,0.021934,1.500,4,0,1,,
411.383,0.011357,0.006079,1.500,4,0,1,,
412.884,0.014375,0.009019,1.500,4,0,1,,
414.385,0.024130,0.001409,1.500,4,0,1,,
416.136,0.026427,0.027318,1.738,4,0,1,,
417.838,0.005907,0.013070,1.673,4,0,1,,
419.339,0.018670,0.005326,1.500,4,0,1,,
420.840,0.024245,0.019707,1.500,4,0,1,,
422.391,0.015499,0.009309,1.500,4,0,1,,
423.942,0.011326,0.008262,1.500,4,0,1,,
425.493,0.010821,0.021785,1.500,4,0,1,,
426.994,0.008349,0.013449,1.500,4,0,1,,
428.545,0.007390,0.004198,1.500,4,0,1,,
430.096,0.002506,0.001881,1.500,4,0,1,,
431.647,0.014886,0.020203,1.500,4,0,1,,
433.148,0.026188,0.012471,1.500,4,0,1,,
434.649,0.004063,0.010407,1.500,4,0,1,,
436.150,0.005412,0.016317,1.500,4,0,1,,
437.701,0.005529,0.012119,1.500,4,0,1,,
439.252,0.019292,0.021785,1.500,4,0,1,,
440.803,0.011119,0.016433,1.500,4,0,1,,
442.355,0.015903,0.015488,1.500,4,0,1,,
443.856,0.019716,0.013260,1.500,4,0,1,,
445.407,0.005750,0.020861,1.500,4,0,1,,
446.908,0.006252,0.010868,1.500,4,0,1,,
448.409,0.015141,0.011108,1.500,4,0,1,,
449.960,0.020190,0.006832,1.500,4,0,1,,
451.511,0.001720,0.009554,1.500,4,0,1,,
453.062,0.021056,0.011028,1.500,4,0,1,,
454.613,0.019282,0.025768,1.500,4,0,1,,
456.164,0.005559,0.021910,1.500,4,0,1,,
457.716,0.020583,0.009455,1.500,4,0,1,,
459.267,0.027888,0.002210,1.500,4,0,1,,
461.318,0.003180,0.019720,2.024,4,0,1,,
462.869,0.024278,0.012827,1.500,4,0,1,,
464.420,0.009770,0.014984,1.500,4,0,1,,
465.970,0.003315,0.012540,1.500,4,0,1,,
467.521,0.008655,0.010091,1.500,4,0,1,,
469.072,0.009948,0.023839,1.500,4,0,1,,
470.573,0.010892,0.006973,1.500,4,0,1,,
472.124,0.024409,0.022259,1.500,4,0,1,,
473.626,0.019798,0.002359,1.500,4,0,1,,
475.177,0.016533,0.022952,1.500,4,0,1,,
476.728,0.024666,0.003014,1.500,4,0,1,,
478.228,0.006094,0.007204,1.500,4,0,1,,
479.729,0.004861,0.011264,1.500,4,0,1,,
481.230,0.011999,0.017694,1.500,4,0,1,,
482.731,0.001715,0.011634,1.500,4,0,1,,
484.282,0.002891,0.007677,1.500,4,0,1,,
485.833,0.023707,0.001863,1.500,4,0,1,,
487.434,0.001299,0.007270,1.547,4,0,1,,
488.986,0.003805,0.023596,1.500,4,0,1,,
490.537,0.009591,0.010432,1.500,4,0,1,,
492.038,0.005785,0.003568,1.500,4,0,1,,
493.539,0.009880,0.011523,1.500,4,0,1,,
495.040,0.020881,0.024562,1.500,4,0,1,,
496.541,0.026737,0.021035,1.500,4,0,1,,
498.092,0.010995,0.007888,1.500,4,0,1,,
499.593,0.016182,0.001112,1.500,4,0,1,,
501.144,0.011193,0.003661,1.500,4,0,1,,
502.695,0.009787,0.025767,1.500,4,0,1,,
504.397,0.011838,0.001154,1.653,4,0,1,,
506.197,0.005809,0.027287,1.795,4,0,1,,
508.048,0.024009,0.006850,1.834,4,0,1,,
509.599,0.010405,0.001274,1.500,4,0,1,,
511.100,0.023926,0.018538,1.500,4,0,1,,
512.601,0.025789,0.017767,1.500,4,0,1,,
514.152,0.011507,0.007815,1.500,4,0,1,,
515.703,0.019191,0.014650,1.500,4,0,1,,
517.204,0.007022,0.002696,1.500,4,0,1,,
519.155,0.027765,0.022757,1.933,4,0,1,,
521.056,0.004823,0.006683,1.877,4,0,1,,
522.607,0.012370,0.025801,1.500,4,0,1,,
524.158,0.008688,0.009976,1.500,4,0,1,,
525.759,0.027738,0.023417,1.558,4,0,1,,
527.310,0.026676,0.020667,1.500,4,0,1,,
529.161,0.001064,0.011604,1.810,4,0,1,,
530.712,0.005475,0.010226,1.500,4,0,1,,
532.263,0.014010,0.005154,1.500,4,0,1,,
533.814,0.003915,0.015621,1.500,4,0,1,,
535.315,0.025074,0.014475,1.500,4,0,1,,
536.866,0.018448,0.005415,1.500,4,0,1,,
538.367,0.024051,0.007675,1.500,4,0,1,,
539.918,0.003554,0.017012,1.504,4,0,1,,
541.569,0.027562,0.018982,1.613,4,0,1,,
543.320,0.003065,0.026583,1.719,4,0,1,,
544.871,0.010033,0.006726,1.500,4,0,1,,
546.422,0.010401,0.021055,1.500,4,0,1,,
547.973,0.013286,0.012906,1.500,4,0,1,,
549.474,0.026338,0.027758,1.500,4,0,1,,
550.975,0.022596,0.006403,1.500,4,0,1,,
552.527,0.015668,0.013534,1.500,4,0,1,,
554.078,0.020544,0.015190,1.500,4,0,1,,
555.578,0.004978,0.017317,1.500,4,0,1,,
557.129,0.013076,0.012833,1.500,4,0,1,,
558.680,0.003469,0.023610,1.500,4,0,1,,
560.231,0.016409,0.005006,1.515,4,0,1,,
561.782,0.024060,0.015825,1.500,4,0,1,,
563.333,0.008061,0.009786,1.500,4,0,1,,
564.884,0.003846,0.007765,1.500,4,0,1,,
566.385,0.014754,0.001582,1.500,4,0,1,,
567.987,0.020661,0.024496,1.579,4,0,1,,
569.538,0.013501,0.017744,1.500,4,0,1,,
571.089,0.017253,0.008677,1.500,4,0,1,,
572.590,0.010121,0.008297,1.500,4,0,1,,
574.091,0.014865,0.025572,1.500,4,0,1,,
575.642,0.024752,0.014030,1.500,4,0,1,,
577.193,0.010553,0.023015,1.500,4,0,1,,
578.794,0.025633,0.005171,1.563,4,0,1,,
580.345,0.013369,0.017514,1.500,4,0,1,,
581.895,0.007336,0.009553,1.500,4,0,1,,
583.447,0.017700,0.025757,1.500,4,0,1,,
584.949,0.025579,0.014650,1.500,4,0,1,,
586.449,0.024874,0.002028,1.500,4,0,1,,
587.951,0.021282,0.022388,1.500,4,0,1,,
589.502,0.009611,0.027342,1.500,4,0,1,,
591.002,0.007730,0.017555,1.500,4,0,1,,
592.553,0.017319,0.002491,1.500,4,0,1,,
594.104,0.004896,0.004723,1.500,4,0,1,,
595.655,0.020365,0.017947,1.500,4,0,1,,
597.156,0.019798,0.003225,1.500,4,0,1,,
598.708,0.019126,0.008457,1.500,4,0,1,,
600.259,0.010152,0.016214,1.500,4,0,1,,
601.760,0.024658,0.008853,1.500,4,0,1,,
603.261,0.009476,0.021837,1.500,4,0,1,,
604.762,0.004441,0.013847,1.500,4,0,1,,
606.463,0.027704,0.022227,1.653,4,0,1,,
608.514,0.006359,0.001289,2.001,4,0,1,,
610.315,0.002414,0.027837,1.793,4,0,1,,
612.416,0.021176,0.002959,2.087,4,0,1,,
613.967,0.020046,0.013354,1.500,4,0,1,,
615.468,0.012085,0.018241,1.500,4,0,1,,
616.969,0.020177,0.022402,1.500,4,0,1,,
618.520,0.018802,0.001657,1.500,4,0,1,,
620.172,0.002881,0.020209,1.635,4,0,1,,
621.673,0.011651,0.018511,1.500,4,0,1,,
623.223,0.024504,0.009259,1.500,4,0,1,,
624.774,0.011375,0.026004,1.500,4,0,1,,
626.325,0.016542,0.003738,1.528,4,0,1,,
627.826,0.013325,0.010407,1.500,4,0,1,,
629.327,0.009551,0.009390,1.500,4,0,1,,
630.879,0.007470,0.022301,1.500,4,0,1,,
632.380,0.026229,0.024078,1.500,4,0,1,,
633.931,0.003967,0.022511,1.500,4,0,1,,
635.732,0.026246,0.008000,1.781,4,0,1,,
637.533,0.002038,0.018348,1.765,4,0,1,,
639.084,0.008749,0.020976,1.500,4,0,1,,
640.635,0.003062,0.021363,1.500,4,0,1,,
642.186,0.005177,0.003282,1.500,4,0,1,,
643.736,0.027390,0.004112,1.500,4,0,1,,
645.287,0.026130,0.001262,1.500,4,0,1,,
646.789,0.018367,0.019884,1.500,4,0,1,,
648.290,0.011052,0.023572,1.500,4,0,1,,
649.791,0.012682,0.005459,1.500,4,0,1,,
651.342,0.024677,0.001561,1.500,4,0,1,,
652.892,0.015152,0.013936,1.500,4,0,1,,
654.393,0.007160,0.001622,1.500,4,0,1,,
655.894,0.011233,0.019201,1.500,4,0,1,,
657.395,0.026917,0.010815,1.500,4,0,1,,
658.896,0.009191,0.002658,1.500,4,0,1,,
660.897,0.023892,0.027659,1.943,4,0,1,,
662.449,0.014270,0.020041,1.500,4,0,1,,
663.950,0.023109,0.024780,1.500,4,0,1,,
665.501,0.027665,0.020885,1.500,4,0,1,,
667.252,0.002626,0.016026,1.702,4,0,1,,
668.803,0.018366,0.021224,1.500,4,0,1,,
670.354,0.005729,0.018882,1.500,4,0,1,,
671.904,0.023163,0.027570,1.500,4,0,1,,
673.406,0.018664,0.012328,1.500,4,0,1,,
674.957,0.001015,0.006855,1.500,4,0,1,,
676.508,0.007534,0.010822,1.500,4,0,1,,
678.059,0.007399,0.015704,1.500,4,0,1,,
679.560,0.015980,0.001456,1.500,4,0,1,,
681.111,0.019643,0.004274,1.500,4,0,1,,
682.612,0.023190,0.016660,1.500,4,0,1,,
684.163,0.019896,0.026283,1.500,4,0,1,,
685.714,0.012774,0.008998,1.500,4,0,1,,
687.215,0.008677,0.018603,1.500,4,0,1,,
688.766,0.003643,0.009749,1.500,4,0,1,,
690.316,0.019393,0.002502,1.500,4,0,1,,
691.867,0.014159,0.024635,1.519,4,0,1,,
693.369,0.020546,0.018020,1.500,4,0,1,,
694.920,0.022292,0.012172,1.500,4,0,1,,
696.471,0.001180,0.013882,1.500,4,0,1,,
698.022,0.014777,0.023528,1.500,4,0,1,,
699.573,0.011483,0.011130,1.500,4,0,1,,
701.124,0.017439,0.007928,1.500,4,0,1,,
702.625,0.016842,0.015376,1.500,4,0,1,,
704.126,0.020778,0.024900,1.500,4,0,1,,
705.677,0.023107,0.002321,1.518,4,0,1,,
707.178,0.002328,0.004862,1.500,4,0,1,,
708.679,0.010168,0.003538,1.500,4,0,1,,
710.230,0.010331,0.013697,1.500,4,0,1,,
711.731,0.002715,0.017552,1.500,4,0,1,,
713.282,0.008544,0.027171,1.500,4,0,1,,
714.833,0.005572,0.012786,1.500,4,0,1,,
716.384,0.013768,0.023976,1.500,4,0,1,,
717.935,0.011170,0.016039,1.500,4,0,1,,
719.486,0.005284,0.010233,1.500,4,0,1,,
721.037,0.015915,0.022262,1.500,4,0,1,,
722.588,0.021124,0.023401,1.500,4,0,1,,
724.189,0.006869,0.004769,1.566,4,0,1,,
725.690,0.025588,0.015622,1.500,4,0,1,,
727.241,0.003968,0.009859,1.503,4,0,1,,
728.792,0.013311,0.020192,1.500,4,0,1,,
730.343,0.013787,0.011147,1.500,4,0,1,,
731.894,0.017834,0.009753,1.500,4,0,1,,
733.445,0.006758,0.022955,1.500,4,0,1,,
734.996,0.009299,0.013840,1.500,4,0,1,,
736.547,0.004454,0.007226,1.500,4,0,1,,
738.098,0.016355,0.007714,1.500,4,0,1,,
739.650,0.005659,0.001759,1.500,4,0,1,,
741.800,0.025410,0.026598,2.121,4,0,1,,
743.901,0.001000,0.007537,2.072,4,0,1,,
745.402,0.012533,0.004055,1.500,4,0,1,,
746.903,0.021229,0.016714,1.500,4,0,1,,
748.454,0.009753,0.025117,1.500,4,0,1,,
750.005,0.005786,0.019620,1.500,4,0,1,,
751.506,0.007565,0.017968,1.500,4,0,1,,
753.007,0.024742,0.005939,1.500,4,0,1,,
754.658,0.011889,0.027045,1.658,4,0,1,,
756.360,0.024058,0.005520,1.660,4,0,1,,
757.911,0.013401,0.020555,1.500,4,0,1,,
759.462,0.017137,0.016421,1.500,4,0,1,,
761.013,0.011877,0.025303,1.500,4,0,1,,
762.564,0.002852,0.010052,1.500,4,0,1,,
764.615,0.027802,0.027631,2.038,4,0,1,,
766.166,0.020250,0.019489,1.500,4,0,1,,
767.716,0.023079,0.013448,1.500,4,0,1,,
769.217,0.017133,0.016380,1.500,4,0,1,,
770.768,0.020565,0.019158,1.500,4,0,1,,
772.320,0.006952,0.013057,1.500,4,0,1,,
773.821,0.005606,0.022781,1.500,4,0,1,,
775.373,0.007819,0.019585,1.500,4,0,1,,
776.974,0.024809,0.003353,1.565,4,0,1,,
778.675,0.020688,0.027620,1.650,4,0,1,,
780.226,0.014619,0.009476,1.500,4,0,1,,
781.727,0.018655,0.006057,1.500,4,0,1,,
783.278,0.015590,0.027263,1.500,4,0,1,,
784.829,0.008052,0.005543,1.539,4,0,1,,
786.379,0.015607,0.027313,1.548,4,0,1,,
788.281,0.027478,0.002420,1.847,4,0,1,,
789.832,0.025180,0.018677,1.500,4,0,1,,
791.383,0.024937,0.015423,1.500,4,0,1,,
792.884,0.010391,0.013834,1.500,4,0,1,,
794.435,0.009502,0.026893,1.500,4,0,1,,
795.986,0.016518,0.019663,1.500,4,0,1,,
797.537,0.017558,0.025233,1.500,4,0,1,,
799.088,0.026748,0.015137,1.500,4,0,1,,
800.589,0.020119,0.017787,1.500,4,0,1,,
802.140,0.008069,0.005111,1.500,4,0,1,,
803.692,0.021728,0.020510,1.500,4,0,1,,
805.242,0.024519,0.012412,1.500,4,0,1,,
806.843,0.003140,0.022245,1.571,4,0,1,,
808.394,0.001404,0.024612,1.500,4,0,1,,
810.595,0.025869,0.002854,2.184,4,0,1,,
812.146,0.023136,0.018800,1.500,4,0,1,,
813.647,0.022017,0.022923,1.500,4,0,1,,
815.148,0.005023,0.025809,1.500,4,0,1,,
816.699,0.023676,0.017144,1.500,4,0,1,,
818.200,0.017927,0.013188,1.500,4,0,1,,
819.752,0.021135,0.014283,1.500,4,0,1,,
821.302,0.005856,0.023755,1.500,4,0,1,,
823.003,0.022180,0.004403,1.693,4,0,1,,
824.704,0.013263,0.027730,1.675,4,0,1,,
826.255,0.019446,0.013201,1.500,4,0,1,,
827.806,0.002083,0.020237,1.500,4,0,1,,
829.307,0.017089,0.018978,1.500,4,0,1,,
830.808,0.017485,0.020051,1.500,4,0,1,,
832.309,0.016803,0.008973,1.500,4,0,1,,
833.810,0.019503,0.016598,1.500,4,0,1,,
835.311,0.002688,0.016322,1.500,4,0,1,,
836.812,0.011237,0.009370,1.500,4,0,1,,
838.363,0.008075,0.013256,1.500,4,0,1,,
839.914,0.026987,0.008246,1.500,4,0,1,,
841.415,0.018298,0.026591,1.500,4,0,1,,
842.916,0.017358,0.010509,1.500,4,0,1,,
844.467,0.011970,0.006463,1.500,4,0,1,,
845.968,0.015955,0.024257,1.500,4,0,1,,
847.519,0.027614,0.021045,1.500,4,0,1,,
849.070,0.019030,0.011635,1.500,4,0,1,,
850.621,0.001004,0.017965,1.500,4,0,1,,
852.122,0.016126,0.001399,1.500,4,0,1,,
853.673,0.025916,0.016029,1.500,4,0,1,,
855.374,0.001321,0.015594,1.645,4,0,1,,
856.925,0.014643,0.007225,1.500,4,0,1,,
858.476,0.016563,0.023966,1.500,4,0,1,,
859.977,0.026960,0.006392,1.500,4,0,1,,
861.528,0.007821,0.001013,1.500,4,0,1,,
863.029,0.017093,0.012528,1.500,4,0,1,,
864.530,0.016822,0.016437,1.500,4,0,1,,
866.081,0.009958,0.020687,1.500,4,0,1,,
867.632,0.010468,0.013277,1.500,4,0,1,,
869.133,0.017042,0.025922,1.500,4,0,1,,
870.683,0.021600,0.007690,1.500,4,0,1,,
872.234,0.001440,0.017797,1.507,4,0,1,,
873.735,0.013955,0.009539,1.500,4,0,1,,
875.236,0.024591,0.005142,1.500,4,0,1,,
876.887,0.004602,0.019196,1.635,4,0,1,,
878.388,0.012408,0.026571,1.500,4,0,1,,
879.889,0.009251,0.017461,1.500,4,0,1,,
881.391,0.006047,0.005994,1.500,4,0,1,,
882.942,0.018962,0.013419,1.500,4,0,1,,
884.493,0.001166,0.001060,1.500,4,0,1,,
885.994,0.021924,0.009116,1.500,4,0,1,,
887.495,0.008485,0.001514,1.500,4,0,1,,
889.046,0.021192,0.015124,1.500,4,0,1,,
890.597,0.008246,0.008514,1.500,4,0,1,,
892.097,0.011702,0.023443,1.500,4,0,1,,
893.648,0.019206,0.019978,1.500,4,0,1,,
895.149,0.015636,0.022908,1.500,4,0,1,,
896.650,0.024427,0.022576,1.500,4,0,1,,
898.201,0.019282,0.004934,1.500,4,0,1,,
899.702,0.017810,0.017725,1.500,4,0,1,,
901.253,0.003036,0.001279,1.500,4,0,1,,
902.754,0.019859,0.005574,1.500,4,0,1,,
904.305,0.024226,0.009355,1.500,4,0,1,,
905.806,0.008922,0.019190,1.500,4,0,1,,
907.357,0.005583,0.016325,1.500,4,0,1,,
908.908,0.008310,0.014076,1.500,4,0,1,,
910.408,0.025867,0.023537,1.500,4,0,1,,
911.910,0.019055,0.026834,1.500,4,0,1,,
913.461,0.027577,0.024626,1.500,4,0,1,,
915.012,0.020784,0.022709,1.500,4,0,1,,
916.563,0.010960,0.025933,1.500,4,0,1,,
918.064,0.023917,0.021827,1.500,4,0,1,,
919.615,0.019188,0.016447,1.500,4,0,1,,
921.166,0.012541,0.026072,1.500,4,0,1,,
922.717,0.010202,0.006147,1.500,4,0,1,,
924.218,0.012379,0.019055,1.500,4,0,1,,
925.719,0.027676,0.007641,1.500,4,0,1,,
927.271,0.026894,0.011539,1.500,4,0,1,,
928.921,0.006658,0.026001,1.657,4,0,1,,
930.422,0.013264,0.008266,1.500,4,0,1,,
931.924,0.024078,0.027265,1.500,4,0,1,,
933.474,0.007904,0.026805,1.500,4,0,1,,
935.076,0.025006,0.010823,1.564,4,0,1,,
936.626,0.017605,0.023355,1.500,4,0,1,,
938.178,0.010563,0.025876,1.500,4,0,1,,
939.728,0.017849,0.024892,1.500,4,0,1,,
941.229,0.007435,0.014372,1.500,4,0,1,,
942.731,0.027335,0.017513,1.500,4,0,1,,
944.282,0.007549,0.016804,1.500,4,0,1,,
945.783,0.019486,0.001622,1.500,4,0,1,,
947.334,0.011965,0.001419,1.500,4,0,1,,
948.885,0.003413,0.009359,1.500,4,0,1,,
950.536,0.027630,0.006941,1.626,4,0,1,,
952.087,0.011567,0.023081,1.527,4,0,1,,
953.638,0.009487,0.024979,1.500,4,0,1,,
955.139,0.025486,0.027905,1.500,4,0,1,,
956.740,0.002425,0.024956,1.559,4,0,1,,
958.242,0.009240,0.024625,1.500,4,0,1,,
959.793,0.004688,0.025011,1.500,4,0,1,,
961.344,0.001279,0.024292,1.500,4,0,1,,
962.895,0.003339,0.010896,1.500,4,0,1,,
964.446,0.012081,0.007262,1.500,4,0,1,,
965.947,0.025837,0.014341,1.500,4,0,1,,
967.497,0.010624,0.009481,1.500,4,0,1,,
969.048,0.017287,0.025372,1.500,4,0,1,,
970.599,0.008363,0.023768,1.500,4,0,1,,
972.150,0.018021,0.008494,1.500,4,0,1,,
973.652,0.003337,0.011071,1.500,4,0,1,,
975.203,0.002829,0.012177,1.500,4,0,1,,
976.754,0.013768,0.002982,1.500,4,0,1,,
978.305,0.014552,0.021957,1.500,4,0,1,,
979.806,0.007745,0.019684,1.500,4,0,1,,
981.307,0.024275,0.009246,1.500,4,0,1,,
982.808,0.002311,0.007085,1.500,4,0,1,,
984.359,0.002435,0.024311,1.500,4,0,1,,
986.010,0.024860,0.015073,1.618,4,0,1,,
987.611,0.001778,0.009791,1.588,4,0,1,,
989.163,0.008670,0.002984,1.500,4,0,1,,
990.664,0.016814,0.022247,1.500,4,0,1,,
992.215,0.001348,0.024763,1.500,4,0,1,,
993.966,0.026922,0.020569,1.731,4,0,1,,
995.517,0.026507,0.003515,1.500,4,0,1,,
997.068,0.003801,0.001028,1.522,4,0,1,,
998.718,0.027449,0.004101,1.603,4,0,1,,
1000.269,0.010371,0.013293,1.500,4,0,1,,
1001.770,0.018362,0.008667,1.500,4,0,1,,
1003.271,0.026206,0.015909,1.500,4,0,1,,
1004.823,0.003243,0.018327,1.543,4,0,1,,
1006.323,0.023443,0.010394,1.500,4,0,1,,
1007.974,0.003056,0.023386,1.623,4,0,1,,
1009.525,0.015278,0.027708,1.500,4,0,1,,
1011.076,0.020315,0.009294,1.500,4,0,1,,
1012.577,0.008947,0.023855,1.500,4,0,1,,
1014.128,0.011323,0.006675,1.500,4,0,1,,
1015.679,0.012627,0.017351,1.500,4,0,1,,
1017.230,0.009054,0.009617,1.500,4,0,1,,
1018.731,0.003469,0.025799,1.500,4,0,1,,
1020.283,0.001731,0.021279,1.500,4,0,1,,
1022.134,0.024928,0.006522,1.833,4,0,1,,
1023.634,0.017769,0.019346,1.500,4,0,1,,
1025.136,0.022018,0.024506,1.500,4,0,1,,
1026.686,0.011717,0.017543,1.500,4,0,1,,
1028.237,0.003637,0.015581,1.500,4,0,1,,
1029.788,0.025538,0.011250,1.500,4,0,1,,
1031.339,0.007707,0.016739,1.500,4,0,1,,
1032.840,0.027324,0.009095,1.500,4,0,1,,
1034.391,0.014648,0.021522,1.500,4,0,1,,
1035.943,0.025427,0.021197,1.500,4,0,1,,
1037.493,0.012975,0.023948,1.500,4,0,1,,
1039.044,0.003111,0.016764,1.500,4,0,1,,
1040.545,0.018467,0.016647,1.500,4,0,1,,
1042.096,0.001207,0.019286,1.500,4,0,1,,
1043.647,0.022950,0.015734,1.500,4,0,1,,
1045.198,0.010601,0.004310,1.500,4,0,1,,
1046.749,0.004881,0.019151,1.500,4,0,1,,
1048.250,0.006626,0.020064,1.500,4,0,1,,
1049.751,0.002988,0.004449,1.500,4,0,1,,
1051.653,0.027506,0.018603,1.894,4,0,1,,
1053.303,0.005827,0.007768,1.626,4,0,1,,
1054.854,0.022111,0.021732,1.500,4,0,1,,
1056.555,0.002981,0.005492,1.679,4,0,1,,
1058.056,0.003021,0.019368,1.500,4,0,1,,
1059.607,0.017787,0.005173,1.500,4,0,1,,
1061.108,0.010947,0.023499,1.500,4,0,1,,
1062.609,0.003783,0.027843,1.500,4,0,1,,
1064.210,0.021422,0.012449,1.565,4,0,1,,
1065.711,0.011770,0.015825,1.500,4,0,1,,
1067.212,0.016369,0.013016,1.500,4,0,1,,
1068.763,0.014914,0.026240,1.500,4,0,1,,
1070.314,0.004277,0.006645,1.500,4,0,1,,
1071.815,0.013432,0.001417,1.500,4,0,1,,
1073.366,0.024774,0.010868,1.500,4,0,1,,
1074.917,0.004692,0.012982,1.500,4,0,1,,
1076.468,0.021094,0.001391,1.500,4,0,1,,
1078.018,0.016575,0.015953,1.500,4,0,1,,
1079.569,0.012534,0.015313,1.500,4,0,1,,
1081.070,0.019874,0.020754,1.500,4,0,1,,
1082.622,0.025279,0.006309,1.500,4,0,1,,
1084.173,0.020548,0.017261,1.500,4,0,1,,
1085.724,0.002088,0.018516,1.500,4,0,1,,
1087.225,0.009264,0.021706,1.500,4,0,1,,
1088.776,0.025752,0.020678,1.500,4,0,1,,
1090.377,0.003494,0.012104,1.594,4,0,1,,
1091.928,0.023371,0.011442,1.500,4,0,1,,
1093.429,0.024575,0.016482,1.500,4,0,1,,
1094.930,0.022088,0.009316,1.500,4,0,1,,
1096.481,0.003885,0.019764,1.500,4,0,1,,
1098.132,0.023794,0.005931,1.622,4,0,1,,
1099.683,0.010958,0.023794,1.500,4,0,1,,
1101.234,0.013921,0.013003,1.500,4,0,1,,
1102.735,0.016478,0.010652,1.500,4,0,1,,
1104.236,0.026761,0.017275,1.500,4,0,1,,
1105.737,0.011698,0.023211,1.500,4,0,1,,
1107.238,0.027113,0.027670,1.500,4,0,1,,
1109.139,0.015547,0.002434,1.857,4,0,1,,
1110.690,0.014630,0.003107,1.500,4,0,1,,
1112.191,0.014294,0.025275,1.500,4,0,1,,
1113.742,0.025537,0.022974,1.500,4,0,1,,
1115.293,0.016457,0.018551,1.500,4,0,1,,
1116.794,0.002080,0.026177,1.500,4,0,1,,
1118.345,0.009511,0.019055,1.500,4,0,1,,
1119.846,0.005209,0.015185,1.500,4,0,1,,
1121.397,0.027438,0.011770,1.501,4,0,1,,
1123.098,0.004527,0.002562,1.652,4,0,1,,
1124.599,0.004786,0.006143,1.500,4,0,1,,
1126.100,0.024154,0.005113,1.500,4,0,1,,
1127.701,0.008818,0.022515,1.554,4,0,1,,
1129.252,0.020124,0.022289,1.500,4,0,1,,
1130.753,0.025763,0.006672,1.500,4,0,1,,
1132.404,0.001257,0.007360,1.638,4,0,1,,
1133.955,0.007808,0.015444,1.500,4,0,1,,
1135.506,0.015858,0.005938,1.500,4,0,1,,
1137.057,0.002939,0.020666,1.500,4,0,1,,
1138.608,0.008158,0.011481,1.500,4,0,1,,
1140.109,0.012609,0.024312,1.500,4,0,1,,
1141.609,0.011496,0.012378,1.500,4,0,1,,
1143.160,0.005013,0.020129,1.500,4,0,1,,
1144.712,0.007614,0.003880,1.500,4,0,1,,
1146.213,0.023575,0.016614,1.500,4,0,1,,
1147.764,0.019834,0.009521,1.500,4,0,1,,
1149.315,0.011254,0.026875,1.500,4,0,1,,
1150.815,0.010225,0.023474,1.500,4,0,1,,
1152.366,0.014922,0.013771,1.500,4,0,1,,
1153.918,0.024204,0.014822,1.500,4,0,1,,
1155.468,0.021691,0.022069,1.500,4,0,1,,
1156.969,0.003945,0.016905,1.500,4,0,1,,
1158.520,0.026609,0.017404,1.522,4,0,1,,
1160.172,0.004324,0.008114,1.619,4,0,1,,
1161.723,0.027007,0.010777,1.533,4,0,1,,
1163.274,0.020546,0.009793,1.500,4,0,1,,
1164.825,0.003423,0.009417,1.500,4,0,1,,
1166.376,0.002117,0.020741,1.500,4,0,1,,
1167.927,0.013396,0.009790,1.500,4,0,1,,
1169.477,0.003487,0.008287,1.500,4,0,1,,
1170.978,0.002319,0.003968,1.500,4,0,1,,
1172.529,0.022647,0.007567,1.500,4,0,1,,
1174.080,0.003457,0.018258,1.500,4,0,1,,
1175.832,0.027061,0.007957,1.722,4,0,1,,
1177.383,0.008092,0.017816,1.500,4,0,1,,
1178.934,0.002826,0.016082,1.500,4,0,1,,
1180.485,0.006509,0.021765,1.500,4,0,1,,
1182.136,0.018908,0.001015,1.613,4,0,1,,
1183.837,0.004394,0.021688,1.691,4,0,1,,
1185.338,0.014351,0.011860,1.500,4,0,1,,
1186.888,0.027717,0.010087,1.500,4,0,1,,
1188.439,0.016511,0.014904,1.500,4,0,1,,
1189.990,0.019117,0.007537,1.500,4,0,1,,
1191.542,0.016156,0.024091,1.500,4,0,1,,
1193.093,0.016186,0.024159,1.500,4,0,1,,
1194.644,0.003887,0.014233,1.500,4,0,1,,
1196.295,0.026764,0.023693,1.655,4,0,1,,
1197.796,0.004576,0.024002,1.500,4,0,1,,
1199.346,0.018033,0.011741,1.500,4,0,1,,
1200.847,0.017975,0.004541,1.500,4,0,1,,
1202.398,0.025795,0.022238,1.500,4,0,1,,
1203.899,0.013544,0.012467,1.500,4,0,1,,
1205.450,0.012814,0.014573,1.500,4,0,1,,
1206.952,0.002514,0.020974,1.500,4,0,1,,
1208.453,0.021974,0.018491,1.500,4,0,1,,
1210.004,0.007643,0.025851,1.500,4,0,1,,
1211.555,0.013897,0.011984,1.500,4,0,1,,
1213.106,0.011537,0.001951,1.500,4,0,1,,
1214.656,0.027088,0.008666,1.500,4,0,1,,
1216.207,0.014940,0.008910,1.500,4,0,1,,
1217.758,0.002867,0.015817,1.500,4,0,1,,
1219.309,0.012732,0.017389,1.500,4,0,1,,
1220.860,0.024989,0.017780,1.500,4,0,1,,
1222.412,0.010330,0.019202,1.500,4,0,1,,
1223.964,0.014520,0.024837,1.500,4,0,1,,
1225.515,0.026228,0.017052,1.500,4,0,1,,
1227.016,0.027709,0.027825,1.500,4,0,1,,
1228.717,0.008653,0.011722,1.668,4,0,1,,
1230.268,0.015884,0.024655,1.500,4,0,1,,
1231.819,0.023812,0.024856,1.500,4,0,1,,
1233.319,0.013219,0.027699,1.500,4,0,1,,
1234.820,0.026975,0.024424,1.500,4,0,1,,
1236.521,0.003282,0.017696,1.649,4,0,1,,
1238.123,0.026684,0.015199,1.575,4,0,1,,
1239.674,0.026753,0.001349,1.500,4,0,1,,
1241.375,0.011310,0.021143,1.677,4,0,1,,
1242.926,0.019525,0.003446,1.500,4,0,1,,
1244.477,0.003375,0.007787,1.500,4,0,1,,
1246.028,0.021854,0.008175,1.500,4,0,1,,
1247.579,0.012189,0.027896,1.500,4,0,1,,
1249.130,0.013015,0.010378,1.500,4,0,1,,
1250.681,0.027532,0.005781,1.500,4,0,1,,
1252.232,0.014486,0.007934,1.500,4,0,1,,
1253.783,0.006417,0.021161,1.500,4,0,1,,
1255.334,0.025183,0.013762,1.500,4,0,1,,
1256.835,0.005258,0.018850,1.500,4,0,1,,
1258.386,0.014321,0.019037,1.500,4,0,1,,
1259.937,0.008057,0.016978,1.500,4,0,1,,
1261.488,0.012485,0.001762,1.500,4,0,1,,
1263.039,0.008644,0.012706,1.500,4,0,1,,
1264.590,0.027674,0.024916,1.507,4,0,1,,
1266.091,0.007659,0.017150,1.500,4,0,1,,
1267.592,0.005915,0.017694,1.500,4,0,1,,
1269.144,0.005658,0.001486,1.500,4,0,1,,
1270.645,0.001116,0.020708,1.500,4,0,1,,
1272.196,0.015204,0.002547,1.542,4,0,1,,
1273.747,0.008845,0.013166,1.500,4,0,1,,
1275.247,0.021378,0.016684,1.500,4,0,1,,
1276.798,0.008886,0.009389,1.500,4,0,1,,
1278.349,0.011860,0.015870,1.500,4,0,1,,
1279.850,0.016758,0.018616,1.500,4,0,1,,
1281.351,0.014452,0.004610,1.500,4,0,1,,
1282.902,0.022147,0.008774,1.500,4,0,1,,
1284.454,0.016655,0.010906,1.500,4,0,1,,
1285.955,0.016136,0.004423,1.500,4,0,1,,
1287.456,0.017633,0.022781,1.500,4,0,1,,
1289.007,0.004090,0.006623,1.500,4,0,1,,
1290.508,0.002830,0.012781,1.500,4,0,1,,
1292.059,0.003414,0.016034,1.500,4,0,1,,
1293.610,0.007322,0.002936,1.500,4,0,1,,
1295.111,0.019092,0.012753,1.500,4,0,1,,
1296.662,0.017895,0.026777,1.500,4,0,1,,
1298.563,0.003870,0.002649,1.863,4,0,1,,
1300.115,0.012235,0.010309,1.500,4,0,1,,
1301.615,0.012327,0.008270,1.500,4,0,1,,
1303.166,0.009315,0.019572,1.500,4,0,1,,
1304.717,0.003762,0.012458,1.500,4,0,1,,
1306.218,0.022529,0.014585,1.500,4,0,1,,
1307.769,0.014317,0.016233,1.500,4,0,1,,
1309.270,0.013516,0.005994,1.500,4,0,1,,
1310.821,0.024165,0.014171,1.500,4,0,1,,
1312.372,0.025410,0.019388,1.500,4,0,1,,
1313.873,0.022013,0.012575,1.500,4,0,1,,
1315.425,0.013725,0.006189,1.500,4,0,1,,
1316.926,0.004818,0.001290,1.500,4,0,1,,
1318.427,0.023728,0.004596,1.500,4,0,1,,
1319.978,0.002272,0.001384,1.500,4,0,1,,
1322.129,0.026032,0.022134,2.108,4,0,1,,
1323.630,0.021924,0.017861,1.500,4,0,1,,
1325.180,0.003473,0.013458,1.500,4,0,1,,
1326.731,0.005999,0.010123,1.500,4,0,1,,
1328.282,0.001949,0.027892,1.500,4,0,1,,
1330.133,0.020371,0.007683,1.828,4,0,1,,
1331.685,0.002698,0.004623,1.500,4,0,1,,
1333.236,0.010374,0.013547,1.500,4,0,1,,
1334.787,0.014211,0.017874,1.500,4,0,1,,
1336.288,0.018401,0.004549,1.500,4,0,1,,
1337.789,0.003682,0.001377,1.500,4,0,1,,
1339.290,0.008515,0.017531,1.500,4,0,1,,
1340.791,0.010606,0.024660,1.500,4,0,1,,
1342.292,0.013661,0.020624,1.500,4,0,1,,
1343.793,0.006487,0.018939,1.500,4,0,1,,
1345.344,0.003867,0.016405,1.500,4,0,1,,
1346.896,0.023244,0.017537,1.500,4,0,1,,
1348.447,0.007971,0.014941,1.500,4,0,1,,
1349.948,0.019780,0.015240,1.500,4,0,1,,
1351.449,0.010683,0.002774,1.500,4,0,1,,
1352.999,0.013289,0.022998,1.500,4,0,1,,
1354.550,0.005537,0.016291,1.500,4,0,1,,
1356.051,0.014193,0.008410,1.500,4,0,1,,
1357.602,0.007549,0.024354,1.500,4,0,1,,
1359.153,0.014268,0.011065,1.500,4,0,1,,
1360.654,0.009738,0.010743,1.500,4,0,1,,
1362.206,0.024684,0.015906,1.500,4,0,1,,
1363.757,0.020483,0.012871,1.500,4,0,1,,
1365.308,0.012856,0.019494,1.500,4,0,1,,
1366.809,0.016317,0.015293,1.500,4,0,1,,
1368.360,0.013743,0.014596,1.500,4,0,1,,
1369.910,0.008228,0.018626,1.500,4,0,1,,
1371.461,0.004909,0.008485,1.500,4,0,1,,
1373.013,0.015085,0.020235,1.500,4,0,1,,
1374.564,0.013053,0.010549,1.500,4,0,1,,
1376.065,0.026836,0.024211,1.500,4,0,1,,
1377.667,0.018711,0.002238,1.572,4,0,1,,
1379.168,0.020239,0.020994,1.500,4,0,1,,
1380.719,0.024421,0.024090,1.500,4,0,1,,
1382.269,0.006082,0.015310,1.500,4,0,1,,
1383.820,0.026586,0.004662,1.547,4,0,1,,
1385.371,0.012525,0.001196,1.500,4,0,1,,
1386.922,0.011522,0.005446,1.500,4,0,1,,
1388.773,0.027330,0.027573,1.812,4,0,1,,
1390.374,0.007007,0.015963,1.569,4,0,1,,
1391.925,0.011673,0.001970,1.500,4,0,1,,
1393.427,0.002595,0.003623,1.500,4,0,1,,
1394.978,0.017609,0.001615,1.500,4,0,1,,
1396.679,0.012360,0.026345,1.687,4,0,1,,
1398.230,0.024181,0.007226,1.509,4,0,1,,
1399.731,0.025353,0.004222,1.500,4,0,1,,
1401.282,0.024091,0.002445,1.500,4,0,1,,
1403.032,0.013289,0.025551,1.701,4,0,1,,
1404.533,0.012556,0.013679,1.500,4,0,1,,
1406.034,0.014136,0.009518,1.500,4,0,1,,
1407.585,0.010413,0.006451,1.500,4,0,1,,
1409.287,0.026438,0.025980,1.686,4,0,1,,
1410.838,0.021753,0.024143,1.500,4,0,1,,
1412.539,0.006348,0.004665,1.654,4,0,1,,
1414.040,0.004361,0.025680,1.500,4,0,1,,
1415.591,0.011692,0.021426,1.500,4,0,1,,
1417.142,0.019234,0.022249,1.500,4,0,1,,
1418.693,0.001418,0.023735,1.500,4,0,1,,
1420.194,0.014224,0.024881,1.500,4,0,1,,
1421.745,0.020165,0.012982,1.500,4,0,1,,
1423.296,0.012928,0.016663,1.500,4,0,1,,
1424.798,0.014011,0.011252,1.500,4,0,1,,
1426.299,0.006636,0.016483,1.500,4,0,1,,
1427.800,0.010393,0.015304,1.500,4,0,1,,
1429.301,0.008088,0.022116,1.500,4,0,1,,
1430.852,0.007918,0.022825,1.500,4,0,1,,
1432.403,0.020389,0.014114,1.500,4,0,1,,
1433.954,0.003020,0.013290,1.500,4,0,1,,
1435.455,0.019282,0.013790,1.500,4,0,1,,
1437.006,0.023722,0.013749,1.500,4,0,1,,
1438.507,0.022592,0.011290,1.500,4,0,1,,
1440.058,0.013872,0.022054,1.500,4,0,1,,
1441.609,0.006533,0.022731,1.500,4,0,1,,
1443.110,0.008159,0.002800,1.500,4,0,1,,
1444.661,0.008852,0.024337,1.500,4,0,1,,
1446.162,0.015943,0.025016,1.500,4,0,1,,
1447.663,0.002808,0.022838,1.500,4,0,1,,
1449.214,0.011274,0.019455,1.500,4,0,1,,
1450.715,0.014257,0.005311,1.500,4,0,1,,
1452.266,0.003933,0.011584,1.500,4,0,1,,
1453.817,0.006248,0.027792,1.500,4,0,1,,
1455.319,0.016760,0.020098,1.500,4,0,1,,
1456.870,0.027406,0.025870,1.500,4,0,1,,
1458.421,0.008510,0.025411,1.500,4,0,1,,
1460.022,0.024032,0.007717,1.573,4,0,1,,
1461.523,0.018385,0.014237,1.500,4,0,1,,
1463.074,0.009843,0.024273,1.500,4,0,1,,
1464.775,0.021277,0.001965,1.675,4,0,1,,
1466.326,0.010441,0.003421,1.500,4,0,1,,
1467.877,0.025133,0.003126,1.500,4,0,1,,
1469.478,0.008758,0.019838,1.562,4,0,1,,
1471.030,0.019341,0.018256,1.500,4,0,1,,
1472.581,0.027246,0.022399,1.500,4,0,1,,
1474.332,0.001571,0.020601,1.718,4,0,1,,
1475.983,0.023712,0.010187,1.641,4,0,1,,
1477.534,0.007177,0.013863,1.500,4,0,1,,
1479.085,0.017073,0.025659,1.500,4,0,1,,
1480.636,0.026451,0.015818,1.500,4,0,1,,
1482.187,0.009777,0.007602,1.500,4,0,1,,
1483.688,0.020095,0.007029,1.500,4,0,1,,
1485.489,0.002362,0.026784,1.774,4,0,1,,
1487.040,0.013345,0.022644,1.500,4,0,1,,
1488.591,0.002921,0.002134,1.534,4,0,1,,
1490.242,0.005527,0.026508,1.646,4,0,1,,
1491.743,0.018242,0.012589,1.500,4,0,1,,
1493.294,0.004597,0.003546,1.500,4,0,1,,
1495.095,0.024898,0.020695,1.776,4,0,1,,
1496.596,0.007802,0.015412,1.500,4,0,1,,
1498.147,0.019959,0.026772,1.500,4,0,1,,
1499.648,0.010489,0.024262,1.500,4,0,1,,
1501.149,0.006801,0.005998,1.500,4,0,1,,
1502.651,0.006443,0.005777,1.500,4,0,1,,
1504.202,0.012312,0.009676,1.500,4,0,1,,
1505.753,0.019031,0.019352,1.500,4,0,1,,
1507.304,0.024129,0.019194,1.500,4,0,1,,
1508.855,0.006172,0.013546,1.500,4,0,1,,
1510.456,0.026265,0.025729,1.572,4,0,1,,
1512.007,0.017859,0.004502,1.531,4,0,1,,
1513.558,0.013157,0.013184,1.500,4,0,1,,
1515.109,0.009598,0.007329,1.500,4,0,1,,
1516.660,0.012818,0.010875,1.500,4,0,1,,
1518.161,0.008938,0.020377,1.500,4,0,1,,
1519.662,0.015237,0.021058,1.500,4,0,1,,
1521.213,0.016436,0.004586,1.500,4,0,1,,
1522.714,0.011412,0.022339,1.500,4,0,1,,
1524.265,0.024301,0.022750,1.500,4,0,1,,
1525.766,0.016665,0.024277,1.500,4,0,1,,
1527.317,0.002167,0.022838,1.500,4,0,1,,
1528.868,0.020449,0.009491,1.511,4,0,1,,
1530.369,0.013181,0.022488,1.500,4,0,1,,
1531.920,0.013861,0.023811,1.500,4,0,1,,
1533.471,0.009735,0.011298,1.500,4,0,1,,
1535.022,0.002367,0.005968,1.500,4,0,1,,
1536.573,0.019988,0.014566,1.500,4,0,1,,
1538.124,0.020790,0.011640,1.500,4,0,1,,
1539.675,0.016204,0.017400,1.500,4,0,1,,
1541.176,0.014930,0.013042,1.500,4,0,1,,
1542.727,0.006179,0.011687,1.500,4,0,1,,
1544.278,0.015466,0.016148,1.500,4,0,1,,
1545.779,0.023814,0.011922,1.500,4,0,1,,
1547.330,0.025405,0.007718,1.500,4,0,1,,
1548.932,0.009597,0.025362,1.581,4,0,1,,
1550.483,0.010910,0.016377,1.500,4,0,1,,
1551.984,0.003287,0.024660,1.500,4,0,1,,
1553.535,0.003030,0.023070,1.500,4,0,1,,
1555.086,0.008678,0.026929,1.500,4,0,1,,
1556.587,0.007666,0.025645,1.500,4,0,1,,
1558.138,0.019368,0.022456,1.500,4,0,1,,
1559.689,0.006415,0.009746,1.500,4,0,1,,
1561.190,0.019313,0.026520,1.500,4,0,1,,
1562.691,0.026444,0.022218,1.500,4,0,1,,
1564.643,0.003999,0.004447,1.910,4,0,1,,
1566.144,0.015492,0.013205,1.500,4,0,1,,
1567.695,0.021485,0.019337,1.500,4,0,1,,
1569.246,0.016403,0.022408,1.500,4,0,1,,
1570.747,0.006141,0.027970,1.500,4,0,1,,
1572.298,0.013202,0.007545,1.500,4,0,1,,
1573.849,0.014906,0.006921,1.500,4,0,1,,
1575.400,0.013892,0.019936,1.500,4,0,1,,
1576.951,0.001556,0.017151,1.500,4,0,1,,
1578.452,0.011564,0.015802,1.500,4,0,1,,
1580.003,0.005165,0.011486,1.500,4,0,1,,
1581.554,0.005906,0.009658,1.500,4,0,1,,
1583.055,0.010824,0.025401,1.500,4,0,1,,
1584.606,0.027903,0.020994,1.500,4,0,1,,
1586.407,0.009726,0.001726,1.770,4,0,1,,
1587.908,0.015493,0.006102,1.500,4,0,1,,
1589.409,0.008705,0.027461,1.500,4,0,1,,
1590.960,0.005163,0.018572,1.500,4,0,1,,
1592.511,0.026636,0.026250,1.522,4,0,1,,
1594.062,0.006487,0.018778,1.500,4,0,1,,
1595.564,0.011420,0.019841,1.500,4,0,1,,
1597.115,0.008731,0.016002,1.500,4,0,1,,
1598.616,0.009987,0.023764,1.500,4,0,1,,
1600.117,0.020592,0.010925,1.500,4,0,1,,
1601.668,0.006451,0.017596,1.500,4,0,1,,
1603.169,0.015600,0.002665,1.500,4,0,1,,
1604.670,0.009280,0.016182,1.500,4,0,1,,
1606.171,0.016240,0.024584,1.500,4,0,1,,
1607.722,0.013124,0.012336,1.500,4,0,1,,
1609.273,0.008395,0.010991,1.500,4,0,1,,
1610.775,0.026041,0.023021,1.500,4,0,1,,
1612.326,0.022793,0.023167,1.500,4,0,1,,
1613.876,0.002244,0.025575,1.500,4,0,1,,
1615.377,0.012374,0.027768,1.500,4,0,1,,
1616.878,0.014047,0.020684,1.500,4,0,1,,
1618.429,0.005540,0.027587,1.500,4,0,1,,
1619.930,0.009939,0.008097,1.500,4,0,1,,
1621.431,0.013890,0.024406,1.500,4,0,1,,
1622.932,0.016890,0.017182,1.500,4,0,1,,
1624.433,0.020726,0.011517,1.500,4,0,1,,
1625.985,0.027556,0.020270,1.500,4,0,1,,
1627.636,0.008217,0.005799,1.615,4,0,1,,
1629.187,0.012904,0.025060,1.500,4,0,1,,
1630.688,0.013406,0.025642,1.500,4,0,1,,
1632.339,0.002925,0.003465,1.636,4,0,1,,
1633.890,0.010936,0.004990,1.500,4,0,1,,
1635.391,0.005526,0.010639,1.500,4,0,1,,
1636.892,0.013199,0.021433,1.500,4,0,1,,
1638.393,0.017789,0.010732,1.500,4,0,1,,
1639.944,0.011823,0.026004,1.500,4,0,1,,
1641.545,0.022336,0.005062,1.568,4,0,1,,
1643.096,0.020007,0.019552,1.500,4,0,1,,
1644.597,0.024611,0.006009,1.500,4,0,1,,
1646.498,0.006001,0.026280,1.841,4,0,1,,
1648.049,0.021658,0.025768,1.500,4,0,1,,
1649.550,0.009426,0.007586,1.500,4,0,1,,
1651.051,0.001614,0.007051,1.500,4,0,1,,
1652.602,0.011743,0.002406,1.500,4,0,1,,
1654.153,0.022978,0.002032,1.500,4,0,1,,
1655.754,0.003604,0.015863,1.591,4,0,1,,
1657.306,0.023604,0.008485,1.500,4,0,1,,
1658.807,0.014550,0.008113,1.500,4,0,1,,
1660.308,0.025414,0.006363,1.500,4,0,1,,
1661.809,0.022257,0.022171,1.500,4,0,1,,
1663.310,0.012018,0.017387,1.500,4,0,1,,
1664.861,0.010004,0.014458,1.500,4,0,1,,
1666.412,0.003919,0.009168,1.500,4,0,1,,
1667.963,0.008180,0.005769,1.500,4,0,1,,
1669.564,0.022234,0.024626,1.568,4,0,1,,
1671.115,0.016852,0.009403,1.500,4,0,1,,
1672.667,0.026583,0.006207,1.500,4,0,1,,
1674.618,0.002312,0.021249,1.909,4,0,1,,
1676.119,0.015693,0.015239,1.500,4,0,1,,
1677.670,0.001539,0.012199,1.500,4,0,1,,
1679.472,0.025157,0.025049,1.799,4,0,1,,
1681.373,0.001428,0.010480,1.867,4,0,1,,
1682.924,0.003786,0.025116,1.500,4,0,1,,
1684.475,0.004732,0.008315,1.500,4,0,1,,
1686.026,0.017860,0.019660,1.500,4,0,1,,
1687.526,0.019140,0.009804,1.500,4,0,1,,
1689.028,0.007794,0.010336,1.500,4,0,1,,
1690.579,0.009853,0.010088,1.500,4,0,1,,
1692.130,0.014021,0.023589,1.500,4,0,1,,
1693.681,0.019788,0.024974,1.500,4,0,1,,
1695.232,0.020042,0.009276,1.500,4,0,1,,
1696.783,0.012377,0.007549,1.500,4,0,1,,
1698.284,0.017646,0.008607,1.500,4,0,1,,
1699.785,0.017605,0.011159,1.500,4,0,1,,
1701.336,0.013996,0.018429,1.500,4,0,1,,
1702.837,0.019387,0.003950,1.500,4,0,1,,
1704.389,0.011765,0.025039,1.503,4,0,1,,
1706.040,0.002239,0.002400,1.645,4,0,1,,
1707.591,0.013702,0.016389,1.500,4,0,1,,
1709.141,0.021046,0.013199,1.500,4,0,1,,
1710.692,0.024571,0.020553,1.500,4,0,1,,
1712.243,0.019475,0.001031,1.500,4,0,1,,
1713.744,0.009893,0.002456,1.500,4,0,1,,
1715.445,0.020347,0.025287,1.676,4,0,1,,
1716.946,0.020297,0.012255,1.500,4,0,1,,
1718.497,0.020804,0.027693,1.500,4,0,1,,
1720.099,0.019862,0.004557,1.548,4,0,1,,
1721.600,0.019977,0.001978,1.500,4,0,1,,
1723.401,0.024029,0.027805,1.745,4,0,1,,
1724.902,0.017711,0.013727,1.500,4,0,1,,
1726.453,0.012043,0.003447,1.500,4,0,1,,
1727.954,0.007114,0.009861,1.500,4,0,1,,
1729.505,0.007355,0.018014,1.500,4,0,1,,
1731.056,0.006713,0.002729,1.500,4,0,1,,
1732.607,0.011044,0.012778,1.500,4,0,1,,
1734.158,0.002559,0.005469,1.500,4,0,1,,
1735.810,0.015682,0.025612,1.606,4,0,1,,
1737.310,0.015241,0.010886,1.500,4,0,1,,
1738.811,0.008476,0.026242,1.500,4,0,1,,
1740.362,0.026577,0.017449,1.500,4,0,1,,
1741.913,0.026160,0.001947,1.500,4,0,1,,
1743.714,0.011763,0.024563,1.795,4,0,1,,
1745.265,0.014949,0.015687,1.500,4,0,1,,
1746.816,0.015917,0.005436,1.500,4,0,1,,
1748.317,0.023825,0.020481,1.500,4,0,1,,
1749.818,0.017082,0.009820,1.500,4,0,1,,
1751.370,0.023027,0.005070,1.500,4,0,1,,
1753.121,0.003295,0.021614,1.720,4,0,1,,
1754.621,0.024899,0.018434,1.500,4,0,1,,
1756.172,0.022010,0.024349,1.500,4,0,1,,
1757.973,0.003935,0.004795,1.777,4,0,1,,
1759.774,0.017083,0.027557,1.762,4,0,1,,
1761.275,0.017128,0.013608,1.500,4,0,1,,
1762.826,0.010243,0.002278,1.500,4,0,1,,
1764.327,0.014849,0.003236,1.500,4,0,1,,
1765.828,0.003822,0.013755,1.500,4,0,1,,
1767.379,0.010765,0.003999,1.500,4,0,1,,
1768.930,0.022009,0.013175,1.500,4,0,1,,
1770.431,0.024770,0.007337,1.500,4,0,1,,
1772.032,0.007706,0.023468,1.569,4,0,1,,
1773.583,0.018875,0.026706,1.500,4,0,1,,
1775.134,0.006796,0.009426,1.500,4,0,1,,
1776.685,0.019033,0.019276,1.500,4,0,1,,
1778.186,0.013825,0.015811,1.500,4,0,1,,
1779.737,0.001227,0.023693,1.500,4,0,1,,
1781.288,0.023770,0.027233,1.524,4,0,1,,
1783.090,0.001626,0.013005,1.766,4,0,1,,
1784.640,0.011605,0.006332,1.500,4,0,1,,
1786.141,0.001717,0.025393,1.500,4,0,1,,
1787.692,0.009466,0.012563,1.500,4,0,1,,
1789.243,0.015740,0.009360,1.500,4,0,1,,
1790.744,0.010615,0.020649,1.500,4,0,1,,
1792.295,0.023866,0.001926,1.536,4,0,1,,
1793.846,0.022165,0.015185,1.500,4,0,1,,
1795.347,0.023815,0.007082,1.500,4,0,1,,
1796.848,0.005290,0.004912,1.500,4,0,1,,
1798.400,0.002677,0.013162,1.500,4,0,1,,
